{
	"format_version": "1.9.0",
	"credit": "Made with Blockbench",
	"texture_size": [32, 32],
	"textures": {
		"0": "item/overworld/misc/chains",
		"particle": "item/overworld/misc/chains"
	},
	"elements": [
		{
			"from": [7, 0, 5],
			"to": [9, 1, 11],
			"rotation": {"angle": 0, "axis": "y", "origin": [7, 0, 8]},
			"faces": {
				"north": {"uv": [3, 3, 4, 3.5], "texture": "#0"},
				"east": {"uv": [0, 3, 3, 3.5], "texture": "#0"},
				"south": {"uv": [7, 3, 8, 3.5], "texture": "#0"},
				"west": {"uv": [4, 3, 7, 3.5], "texture": "#0"},
				"up": {"uv": [4, 3, 3, 0], "texture": "#0"},
				"down": {"uv": [5, 0, 4, 3], "texture": "#0"}
			}
		},
		{
			"from": [7, 5, 5],
			"to": [9, 6, 11],
			"rotation": {"angle": 0, "axis": "y", "origin": [7, 5, 8]},
			"faces": {
				"north": {"uv": [3, 6.5, 4, 7], "texture": "#0"},
				"east": {"uv": [0, 6.5, 3, 7], "texture": "#0"},
				"south": {"uv": [7, 6.5, 8, 7], "texture": "#0"},
				"west": {"uv": [4, 6.5, 7, 7], "texture": "#0"},
				"up": {"uv": [4, 6.5, 3, 3.5], "texture": "#0"},
				"down": {"uv": [5, 3.5, 4, 6.5], "texture": "#0"}
			}
		},
		{
			"from": [7, 1, 10],
			"to": [9, 5, 11],
			"rotation": {"angle": 0, "axis": "x", "origin": [7, 3, 10]},
			"faces": {
				"north": {"uv": [3.5, 7.5, 4.5, 9.5], "texture": "#0"},
				"east": {"uv": [3, 7.5, 3.5, 9.5], "texture": "#0"},
				"south": {"uv": [5, 7.5, 6, 9.5], "texture": "#0"},
				"west": {"uv": [4.5, 7.5, 5, 9.5], "texture": "#0"},
				"up": {"uv": [4.5, 7.5, 3.5, 7], "texture": "#0"},
				"down": {"uv": [5.5, 7, 4.5, 7.5], "texture": "#0"}
			}
		},
		{
			"from": [8, -4, 6.5],
			"to": [8, 0, 9.5],
			"rotation": {"angle": 0, "axis": "y", "origin": [8, -2, 8.5]},
			"faces": {
				"north": {"uv": [1.5, 8.5, 1.5, 10.5], "texture": "#0"},
				"east": {"uv": [0, 8.5, 1.5, 10.5], "texture": "#0"},
				"south": {"uv": [3, 8.5, 3, 10.5], "texture": "#0"},
				"west": {"uv": [1.5, 8.5, 3, 10.5], "texture": "#0"},
				"up": {"uv": [1.5, 8.5, 1.5, 7], "texture": "#0"},
				"down": {"uv": [1.5, 7, 1.5, 8.5], "texture": "#0"}
			}
		},
		{
			"from": [6.5, -7, 8],
			"to": [9.5, -3, 8],
			"rotation": {"angle": 0, "axis": "z", "origin": [7.5, -5, 8]},
			"faces": {
				"north": {"uv": [8, 0, 9.5, 2], "texture": "#0"},
				"east": {"uv": [8, 0, 8, 2], "texture": "#0"},
				"south": {"uv": [9.5, 0, 11, 2], "texture": "#0"},
				"west": {"uv": [9.5, 0, 9.5, 2], "texture": "#0"},
				"up": {"uv": [9.5, 0, 8, 0], "texture": "#0"},
				"down": {"uv": [11, 0, 9.5, 0], "texture": "#0"}
			}
		},
		{
			"from": [7, 1, 5],
			"to": [9, 5, 6],
			"rotation": {"angle": 0, "axis": "x", "origin": [7, 3, 5]},
			"faces": {
				"north": {"uv": [6.5, 7.5, 7.5, 9.5], "texture": "#0"},
				"east": {"uv": [6, 7.5, 6.5, 9.5], "texture": "#0"},
				"south": {"uv": [8, 7.5, 9, 9.5], "texture": "#0"},
				"west": {"uv": [7.5, 7.5, 8, 9.5], "texture": "#0"},
				"up": {"uv": [7.5, 7.5, 6.5, 7], "texture": "#0"},
				"down": {"uv": [8.5, 7, 7.5, 7.5], "texture": "#0"}
			}
		}
	],
	"display": {
		"thirdperson_righthand": {
			"rotation": [0, -90, 0],
			"translation": [0, 2.25, 2.25],
			"scale": [0.85, 0.85, 0.85]
		}
	}
}