{
  "sources": [
    {
      "type": "paletted_permutations",
      "textures": [
        "trims/models/armor/coast",
        "trims/models/armor/coast_leggings",
        "trims/models/armor/sentry",
        "trims/models/armor/sentry_leggings",
        "trims/models/armor/dune",
        "trims/models/armor/dune_leggings",
        "trims/models/armor/wild",
        "trims/models/armor/wild_leggings",
        "trims/models/armor/ward",
        "trims/models/armor/ward_leggings",
        "trims/models/armor/eye",
        "trims/models/armor/eye_leggings",
        "trims/models/armor/vex",
        "trims/models/armor/vex_leggings",
        "trims/models/armor/tide",
        "trims/models/armor/tide_leggings",
        "trims/models/armor/snout",
        "trims/models/armor/snout_leggings",
        "trims/models/armor/rib",
        "trims/models/armor/rib_leggings",
        "trims/models/armor/spire",
        "trims/models/armor/spire_leggings",
        "trims/models/armor/wayfinder",
        "trims/models/armor/wayfinder_leggings",
        "trims/models/armor/shaper",
        "trims/models/armor/shaper_leggings",
        "trims/models/armor/silence",
        "trims/models/armor/silence_leggings",
        "trims/models/armor/raiser",
        "trims/models/armor/raiser_leggings",
        "trims/models/armor/host",
        "trims/models/armor/host_leggings",
        "trims/models/armor/gold",
        "trims/models/armor/gold_leggings",
        "trims/models/armor/iron",
        "trims/models/armor/iron_leggings",
        "trims/models/armor/diamond",
        "trims/models/armor/diamond_leggings",
        "trims/models/armor/netherite",
        "trims/models/armor/netherite_leggings",
        "trims/models/armor/chainmail",
        "trims/models/armor/chainmail_leggings",
        "trims/models/armor/zombie_knight",
        "trims/models/armor/zombie_knight_leggings",
        "trims/models/armor/rocket_boots"
      ],
      "palette_key": "trims/color_palettes/trim_palette",
      "permutations": {
        "quartz": "trims/color_palettes/quartz",
        "iron": "trims/color_palettes/iron",
        "gold": "trims/color_palettes/gold",
        "diamond": "trims/color_palettes/diamond",
        "netherite": "trims/color_palettes/netherite",
        "redstone": "trims/color_palettes/redstone",
        "copper": "trims/color_palettes/copper",
        "emerald": "trims/color_palettes/emerald",
        "lapis": "trims/color_palettes/lapis",
        "amethyst": "trims/color_palettes/amethyst",
        "iron_darker": "trims/color_palettes/iron_darker",
        "gold_darker": "trims/color_palettes/gold_darker",
        "diamond_darker": "trims/color_palettes/diamond_darker",
        "netherite_darker": "trims/color_palettes/netherite_darker",
        "blank": "trims/color_palettes/blank"
      }
    }
  ]
}