{
  "parent": "item/handheld",
  "textures": {
    "layer0": "item/bone"
  },
  "display": {
    "head": {
      "rotation": [
        0,
        0,
        -45
      ],
      "translation": [
        0,
        -4.5,
        -6.5
      ],
      "scale": [
        1,
        1,
        1
      ]
    }
  },
  "overrides": [
    {
      "predicate": {
        "custom_model_data": 1
      },
      "model": "item/overworld/utility/zombie_knight_arm"
    },
    {
      "predicate": {
        "custom_model_data": 2
      },
      "model": "item/overworld/materials/ancient_bone"
    }
  ]
}