{
  "parent": "minecraft:item/generated",
  "textures": {
    "layer0": "minecraft:item/cooked_beef"
  },
  "overrides": [
    {
      "predicate": {
        "custom_model_data": 1
      },
      "model": "item/overworld/misc/roasted_meat"
    },
    {
      "predicate": {
        "custom_model_data": 2
      },
      "model": "item/overworld/misc/meat_club"
    },
    {
      "predicate": {
        "custom_model_data": 3
      },
      "model": "item/overworld/misc/meat_club_8"
    },
    {
      "predicate": {
        "custom_model_data": 4
      },
      "model": "item/overworld/misc/meat_club_7"
    },
    {
      "predicate": {
        "custom_model_data": 5
      },
      "model": "item/overworld/misc/meat_club_6"
    },
    {
      "predicate": {
        "custom_model_data": 6
      },
      "model": "item/overworld/misc/meat_club_5"
    },
    {
      "predicate": {
        "custom_model_data": 7
      },
      "model": "item/overworld/misc/meat_club_4"
    },
    {
      "predicate": {
        "custom_model_data": 8
      },
      "model": "item/overworld/misc/meat_club_3"
    },
    {
      "predicate": {
        "custom_model_data": 9
      },
      "model": "item/overworld/misc/meat_club_2"
    },
    {
      "predicate": {
        "custom_model_data": 10
      },
      "model": "item/overworld/misc/meat_club_1"
    }
  ]
}