{
  "parent": "minecraft:item/handheld",
  "textures": {
    "layer0": "minecraft:item/diamond_sword"
  },
  "overrides": [
    {
      "predicate": {
        "custom_model_data": 1
      },
      "model": "minecraft:item/misc/weapons/massive_godbreaker"
    },
    {
      "predicate": {
        "custom_model_data": 2
      },
      "model": "minecraft:item/overworld/weapons/guardian_greatsword"
    },
    {
      "predicate": {
        "custom_model_data": 3
      },
      "model": "minecraft:item/overworld/weapons/guardian_greatsword_held"
    },
    {
      "predicate": {
        "custom_model_data": 5
      },
      "model": "minecraft:item/overworld/materials/tritons_handle"
    },
    {
      "predicate": {
        "custom_model_data": 6
      },
      "model": "minecraft:item/overworld/weapons/tritons_shortsword"
    },
    {
      "predicate": {
        "custom_model_data": 7
      },
      "model": "minecraft:item/misc/weapons/soul_slicer"
    },
    {
      "predicate": {
        "custom_model_data": 8
      },
      "model": "minecraft:item/overworld/weapons/tritons_shortsword_starred"
    },
    {
      "predicate": {
        "custom_model_data": 9
      },
      "model": "minecraft:item/overworld/weapons/tritons_shortsword_maxed"
    },
    {
      "predicate": {
        "custom_model_data": 10
      },
      "model": "minecraft:item/overworld/weapons/fishsword"
    }
  ]
}
