{
  "parent": "minecraft:item/generated",
  "textures": {
    "layer0": "minecraft:item/dragon_breath"
  },
  "overrides": [
    {
      "predicate": {
        "custom_model_data": 1
      },
      "model": "minecraft:item/overworld/misc/fairy_bottle"
    },
    {
      "predicate": {
        "custom_model_data": 2
      },
      "model": "minecraft:item/overworld/misc/fairy_bottle_1"
    },
    {
      "predicate": {
        "custom_model_data": 3
      },
      "model": "minecraft:item/overworld/misc/fairy_bottle_2"
    },
    {
      "predicate": {
        "custom_model_data": 4
      },
      "model": "minecraft:item/overworld/misc/fairy_bottle_3"
    },
        {
      "predicate": {
        "custom_model_data": 5
      },
      "model": "minecraft:item/overworld/misc/fairy_bottle_4"
    },
        {
      "predicate": {
        "custom_model_data": 6
      },
      "model": "minecraft:item/overworld/misc/fairy_bottle_5"
    },
        {
      "predicate": {
        "custom_model_data": 7
      },
      "model": "minecraft:item/overworld/misc/fairy_bottle_6"
    },
    {
      "predicate": {
        "custom_model_data": 8
      },
      "model": "minecraft:item/overworld/materials/kraken_essence"
    },
    {
      "predicate": {
        "custom_model_data": 9
      },
      "model": "minecraft:item/overworld/utility/bass_jar"
    }
    
  ]
}