{
  "parent": "minecraft:item/handheld",
  "textures": {
    "layer0": "minecraft:item/golden_sword"
  },
  "overrides": [
    {
      "predicate": {
        "custom_model_data": 1
      },
      "model": "minecraft:item/overworld/weapons/zombie_shortsword"
    },
    {
      "predicate": {
        "custom_model_data": 2
      },
      "model": "minecraft:item/overworld/weapons/cleaver1"
    },
    {
      "predicate": {
        "custom_model_data": 3
      },
      "model": "minecraft:item/overworld/weapons/cleaver1_broken"
    }
  ]
}