{
  "parent": "minecraft:item/generated",
  "textures": {
    "layer0": "minecraft:block/gray_stained_glass"
  },
  "overrides": [
    {
      "predicate": {
        "custom_model_data": 1
      },
      "model": "item/misc/item_slot"
    },
    {
      "predicate": {
        "custom_model_data": 2
      },
      "model": "item/misc/smithing_hammer"
    },
    {
      "predicate": {
        "custom_model_data": 3
      },
      "model": "item/misc/smithing_arrow"
    },
    {
      "predicate": {
        "custom_model_data": 4
      },
      "model": "item/misc/item_slot_alchemy_1"
    },
    {
      "predicate": {
        "custom_model_data": 5
      },
      "model": "item/misc/item_slot_alchemy_2"
    },
    {
      "predicate": {
        "custom_model_data": 6
      },
      "model": "item/misc/item_slot_alchemy_3"
    },
    {
      "predicate": {
        "custom_model_data": 7
      },
      "model": "item/misc/item_slot_alchemy_4"
    }
  ]
}