{
  "parent": "minecraft:item/generated",
  "textures": {
    "layer0": "minecraft:item/heart_of_the_sea"
  },
  "overrides": [
    {
      "predicate": {
        "custom_model_data": 1
      },
      "model": "minecraft:item/overworld/utility/orb"
    },
    {
      "predicate": {
        "custom_model_data": 2
      },
      "model": "minecraft:item/deco/3d_orb"
    },
    {
      "predicate": {
        "custom_model_data": 3
      },
      "model": "minecraft:item/overworld/materials/broken_golem_core"
    },
    {
      "predicate": {
        "custom_model_data": 4
      },
      "model": "minecraft:item/overworld/materials/golem_core"
    },
    {
      "predicate": {
        "custom_model_data": 5
      },
      "model": "minecraft:item/overworld/utility/eulogy_of_the_drowned"
    },
    {
      "predicate": {
        "custom_model_data": 6
      },
      "model": "minecraft:item/overworld/materials/tidal_energy"
    }
  ]
}