{
  "parent": "minecraft:item/generated",
  "textures": {
    "layer0": "minecraft:item/iron_ingot"
  },
  "overrides": [
    {
      "predicate": {
        "custom_model_data": 1
      },
      "model": "item/overworld/materials/undead_steel"
    },
    {
      "predicate": {
        "custom_model_data": 2
      },
      "model": "item/overworld/materials/titanium_plating"
    },
    {
      "predicate": {
        "custom_model_data": 3
      },
      "model": "item/misc/utility/soul_stealer_sigil"
    },
    {
      "predicate": {
        "custom_model_data": 4
      },
      "model": "item/overworld/utility/rusty_anchor"
    },
    {
      "predicate": {
        "custom_model_data": 5
      },
      "model": "item/overworld/weapons/heavy_anchor"
    },
    {
      "predicate": {
        "custom_model_data": 6
      },
      "model": "item/overworld/utility/old_locket"
    }
  ]
}