{
  "parent": "minecraft:item/handheld",
  "textures": {
    "layer0": "minecraft:item/iron_pickaxe"
  },
  "overrides": [
    {
      "predicate": {
        "custom_model_data": 1
      },
      "model": "minecraft:item/overworld/tools/gold_pick"
    },
    {
      "predicate": {
        "custom_model_data": 2
      },
      "model": "minecraft:item/overworld/tools/redstone_pick"
    },
    {
      "predicate": {
        "custom_model_data": 3
      },
      "model": "minecraft:item/overworld/tools/lapis_pick"
    },
    {
      "predicate": {
        "custom_model_data": 4
      },
      "model": "minecraft:item/overworld/tools/emerald_pick"
    }
  ]
}