{
  "parent": "minecraft:item/generated",
  "textures": {
    "layer0": "minecraft:item/iron_chestplate"
  },
  "overrides": [
    {
      "predicate": {
        "custom_model_data": 1
      },
      "model": "minecraft:item/overworld/armor/zombie_knight_chestplate"
    },
        {
      "predicate": {
        "custom_model_data": 2
      },
      "model": "minecraft:item/overworld/armor/iron_award"
    },
    {
      "predicate": {
        "custom_model_data": 3
      },
      "model": "minecraft:item/overworld/armor/golem_chestplate"
    }
  ]
}