{
  "parent": "minecraft:item/handheld",
  "textures": {
    "layer0": "minecraft:item/iron_sword"
  },
  "overrides": [
    {
      "predicate": {
        "custom_model_data": 1
      },
      "model": "minecraft:item/overworld/weapons/zombie_knight_sword"
    },
    {
      "predicate": {
        "custom_model_data": 2
      },
      "model": "minecraft:item/overworld/weapons/redstone_sword"
    },
    {
      "predicate": {
        "custom_model_data": 3
      },
      "model": "minecraft:item/overworld/weapons/lapis_sword"
    },
    {
      "predicate": {
        "custom_model_data": 4
      },
      "model": "minecraft:item/overworld/weapons/emerald_sword"
    },
    {
      "predicate": {
        "custom_model_data": 5
      },
      "model": "minecraft:item/overworld/weapons/bandit_dagger"
    }
  ]
}