{
  "parent": "minecraft:item/handheld",
  "textures": {
    "layer0": "minecraft:item/netherite_sword"
  },
  "overrides": [
    {
      "predicate": {
        "custom_model_data": 1
      },
      "model": "minecraft:item/runes/weapons/runic_dagger"
    },
    {
      "predicate": {
        "custom_model_data": 2
      },
      "model": "minecraft:item/paid/weapons/og_sword"
    },
    {
      "predicate": {
        "custom_model_data": 3
      },
      "model": "minecraft:item/overworld/weapons/spider_sword_1"
    },
    {
      "predicate": {
        "custom_model_data": 4
      },
      "model": "minecraft:item/overworld/weapons/spider_sword_2"
    },
    {
      "predicate": {
        "custom_model_data": 5
      },
      "model": "minecraft:item/overworld/weapons/spider_sword_3"
    }
  ]
}