{
  "parent": "minecraft:item/handheld",
  "textures": {
    "layer0": "minecraft:item/netherite_pickaxe"
  },
  "overrides": [
    {
      "predicate": {
        "custom_model_data": 1
      },
      "model": "minecraft:item/paid/tools/og_pick"
    },
    {
      "predicate": {
        "custom_model_data": 2
      },
      "model": "minecraft:item/paid/tools/release_pick"
    },
    {
      "predicate": {
        "custom_model_data": 3
      },
      "model": "minecraft:item/overworld/tools/slime_pick"
    },
    {
      "predicate": {
        "custom_model_data": 4
      },
      "model": "minecraft:item/overworld/tools/coral_pick"
    }
  ]
}