{
  "parent": "minecraft:item/template_skull",
  "overrides": [
    {
      "predicate": {
        "custom_model_data": 1
      },
      "model": "minecraft:item/overworld/materials/decayed_heart"
    },
    {
      "predicate": {
        "custom_model_data": 2
      },
      "model": "minecraft:item/overworld/utility/headhunter_crest"
    },
    {
      "predicate": {
        "custom_model_data": 3
      },
      "model": "minecraft:item/misc/materials/headhunter_token"
    },
    {
      "predicate": {
        "custom_model_data": 4
      },
      "model": "minecraft:item/overworld/materials/axolotl"
    },
    {
      "predicate": {
        "custom_model_data": 5
      },
      "model": "minecraft:item/overworld/materials/angler"
    }
  ]
}
