{
  "parent": "minecraft:item/generated",
  "textures": {
    "layer0": "minecraft:item/shulker_shell"
  },
  "overrides": [
    {
      "predicate": {
        "custom_model_data": 1
      },
      "model": "minecraft:item/runes/weapons/runic_gauntlet_1"
    },
    {
      "predicate": {
        "custom_model_data": 2
      },
      "model": "minecraft:item/runes/weapons/runic_gauntlet_2"
    },
    {
      "predicate": {
        "custom_model_data": 3
      },
      "model": "minecraft:item/runes/weapons/runic_gauntlet_3"
    },
    {
      "predicate": {
        "custom_model_data": 4
      },
      "model": "minecraft:item/runes/weapons/runic_gauntlet_4"
    }
  ]
}