{
  "parent": "minecraft:item/generated",
  "textures": {
    "layer0": "minecraft:item/soul_lantern"
  },
  "overrides": [
    {
      "predicate": {
        "custom_model_data": 1
      },
      "model": "minecraft:item/nether/weapons/soul_lantern_0"
    },
    {
      "predicate": {
        "custom_model_data": 2
      },
      "model": "minecraft:item/nether/weapons/soul_lantern_1"
    },
    {
      "predicate": {
        "custom_model_data": 3
      },
      "model": "minecraft:item/nether/weapons/soul_lantern_2"
    },
    {
      "predicate": {
        "custom_model_data": 4
      },
      "model": "minecraft:item/nether/weapons/soul_lantern_3"
    },
    {
      "predicate": {
        "custom_model_data": 5
      },
      "model": "minecraft:item/nether/weapons/soul_lantern_4"
    },
    {
      "predicate": {
        "custom_model_data": 6
      },
      "model": "minecraft:item/nether/weapons/soul_lantern_5"
    },
    {
      "predicate": {
        "custom_model_data": 7
      },
      "model": "minecraft:item/nether/weapons/soul_lantern_6"
    },
    {
      "predicate": {
        "custom_model_data": 8
      },
      "model": "minecraft:item/nether/weapons/soul_lantern_7"
    },
    {
      "predicate": {
        "custom_model_data": 9
      },
      "model": "minecraft:item/nether/weapons/soul_lantern_8"
    }
    
  ]
}