{
  "parent": "minecraft:item/handheld",
  "textures": {
    "layer0": "minecraft:item/stick"
  },
  "overrides": [
    {
      "predicate": {
        "custom_model_data": 1
      },
      "model": "minecraft:item/overworld/weapons/crow_scarer"
    },
    {
      "predicate": {
        "custom_model_data": 2
      },
      "model": "minecraft:item/overworld/weapons/beginner_wand"
    },
    {
      "predicate": {
        "custom_model_data": 3
      },
      "model": "minecraft:item/overworld/weapons/rock_wand"
    },
    {
      "predicate": {
        "custom_model_data": 4
      },
      "model": "minecraft:item/overworld/weapons/golem_staff"
    },
        {
      "predicate": {
        "custom_model_data": 5
      },
      "model": "minecraft:item/overworld/weapons/fire_wand"
    },
        {
      "predicate": {
        "custom_model_data": 6
      },
      "model": "minecraft:item/overworld/weapons/ice_wand"
    }
  ]
}