{
	"format_version": "1.21.6",
	"credit": "Made with Blockbench",
	"parent": "builtin/entity",
	"textures": {
		"particle": "soul_sand"
	},
	"display": {
		"thirdperson_righthand": {
			"rotation": [45, 45, 0],
			"translation": [0, 3, 0],
			"scale": [0.5, 0.5, 0.5]
		},
		"firstperson_righthand": {
			"rotation": [0, -60, 0],
			"translation": [3.75, 3.25, -4.5],
			"scale": [0.7, 0.7, 0.7]
		},
		"ground": {
			"translation": [0, 3, 0],
			"scale": [0.5, 0.5, 0.5]
		},
		"gui": {
			"rotation": [30, 45, 0],
			"translation": [0, 3, 0]
		},
		"fixed": {
			"rotation": [0, -180, 0],
			"translation": [0, 4, 0]
		}
	}
}