{
	"format_version": "1.9.0",
	"credit": "Made with Blockbench",
	"textures": {
		"0": "item/overworld/armor/drippy_monocle",
		"particle": "item/overworld/armor/drippy_monocle"
	},
	"elements": [
		{
			"from": [8, 1, 8],
			"to": [10, 2, 8],
			"rotation": {"angle": 0, "axis": "z", "origin": [7, 0, 8]},
			"faces": {
				"north": {"uv": [0, 1, 2, 2], "texture": "#0"},
				"east": {"uv": [0, 1, 0, 2], "texture": "#0"},
				"south": {"uv": [2, 1, 4, 2], "texture": "#0"},
				"west": {"uv": [2, 1, 2, 2], "texture": "#0"},
				"up": {"uv": [2, 1, 0, 1], "texture": "#0"},
				"down": {"uv": [4, 1, 2, 1], "texture": "#0"}
			}
		},
		{
			"from": [8, 4, 8],
			"to": [10, 5, 8],
			"rotation": {"angle": 0, "axis": "z", "origin": [7, 3, 8]},
			"faces": {
				"north": {"uv": [0, 0, 2, 1], "texture": "#0"},
				"east": {"uv": [0, 0, 0, 1], "texture": "#0"},
				"south": {"uv": [2, 0, 4, 1], "texture": "#0"},
				"west": {"uv": [2, 0, 2, 1], "texture": "#0"},
				"up": {"uv": [2, 0, 0, 0], "texture": "#0"},
				"down": {"uv": [4, 0, 2, 0], "texture": "#0"}
			}
		},
		{
			"from": [10, 2, 8],
			"to": [11, 4, 8],
			"rotation": {"angle": 0, "axis": "z", "origin": [10, 5, 8]},
			"faces": {
				"north": {"uv": [4, 0, 5, 2], "texture": "#0"},
				"east": {"uv": [4, 0, 4, 2], "texture": "#0"},
				"south": {"uv": [5, 0, 6, 2], "texture": "#0"},
				"west": {"uv": [5, 0, 5, 2], "texture": "#0"},
				"up": {"uv": [5, 0, 4, 0], "texture": "#0"},
				"down": {"uv": [6, 0, 5, 0], "texture": "#0"}
			}
		},
		{
			"from": [7, -1, 8],
			"to": [7, 1, 9],
			"rotation": {"angle": 0, "axis": "z", "origin": [6, 2, 8]},
			"faces": {
				"north": {"uv": [3, 3, 3, 5], "texture": "#0"},
				"east": {"uv": [2, 3, 3, 5], "texture": "#0"},
				"south": {"uv": [4, 3, 4, 5], "texture": "#0"},
				"west": {"uv": [3, 3, 4, 5], "texture": "#0"},
				"up": {"uv": [3, 3, 3, 2], "texture": "#0"},
				"down": {"uv": [3, 2, 3, 3], "texture": "#0"}
			}
		},
		{
			"from": [7, 1, 8],
			"to": [8, 4, 8],
			"rotation": {"angle": 0, "axis": "z", "origin": [7, 5, 8]},
			"faces": {
				"north": {"uv": [0, 2, 1, 5], "texture": "#0"},
				"east": {"uv": [0, 2, 0, 5], "texture": "#0"},
				"south": {"uv": [1, 2, 2, 5], "texture": "#0"},
				"west": {"uv": [1, 2, 1, 5], "texture": "#0"},
				"up": {"uv": [1, 2, 0, 2], "texture": "#0"},
				"down": {"uv": [2, 2, 1, 2], "texture": "#0"}
			}
		}
	],
	"gui_light": "front",
	"display": {
		"thirdperson_righthand": {
			"translation": [-1, 6.25, 1]
		},
		"thirdperson_lefthand": {
			"translation": [1, 6.25, 1]
		},
		"firstperson_righthand": {
			"translation": [-0.37, 7.45, -0.37]
		},
		"firstperson_lefthand": {
			"translation": [2.63, 7.45, -0.37]
		},
		"ground": {
			"translation": [0, 6, 0]
		},
		"gui": {
			"rotation": [30, -135, 0],
			"translation": [1.5, 10, 0],
			"scale": [2, 2, 2]
		},
		"head": {
			"translation": [-5.75, 10, -7.5],
			"scale": [2, 2, 2]
		}
	}
}