{
	"format_version": "1.21.6",
	"credit": "Made with Blockbench",
	"parent": "minecraft:item/handheld",
	"textures": {
		"layer0": "item/overworld/weapons/bandit_axe_big"
	},
	"display": {
		"thirdperson_righthand": {
			"rotation": [90, 0, 145],
			"translation": [-8.5, -1.75, -2],
			"scale": [2, 2, 1.5]
		},
		"thirdperson_lefthand": {
			"rotation": [-90, 0, 45],
			"translation": [-8.5, -1.75, -1.25],
			"scale": [2, 2, 1.5]
		},
		"firstperson_righthand": {
			"rotation": [0, -90, 25],
			"translation": [1.13, 3.2, 1.13],
			"scale": [0.8, 0.8, 0.8]
		},
		"firstperson_lefthand": {
			"rotation": [0, 90, -25],
			"translation": [1.13, 3.2, 1.13],
			"scale": [0.8, 0.8, 0.8]
		}
	}
}