{
	"format_version": "1.21.6",
	"credit": "Made with Blockbench",
	"parent": "minecraft:item/handheld",
	"textures": {
		"layer0": "item/overworld/weapons/chain_hook"
	},
	"display": {
		"thirdperson_righthand": {
			"rotation": [0, -90, 55],
			"translation": [0, -2.75, 0.5],
			"scale": [0.85, 0.85, 0.85]
		},
		"thirdperson_lefthand": {
			"rotation": [0, 90, -55],
			"translation": [0, -2.75, 0.5],
			"scale": [0.85, 0.85, 0.85]
		},
		"head": {
			"rotation": [-131.25, -90, 0],
			"translation": [0, 10, 2]
		}
	}
}