{
	"credit": "Made with Blockbench",
	"parent": "minecraft:item/handheld",
	"textures": {
		"layer0": "item/overworld/weapons/cod_cannon"
	},
	"display": {
		"thirdperson_righthand": {
			"rotation": [-45, 90, 0],
			"translation": [0, 2.25, 1],
			"scale": [0.85, 0.85, 0.85]
		},
		"thirdperson_lefthand": {
			"rotation": [-45, -90, 0],
			"translation": [0, 2.25, 1],
			"scale": [0.85, 0.85, 0.85]
		},
		"firstperson_righthand": {
			"rotation": [-45, 90, 0],
			"translation": [-1.25, 4, 1.75],
			"scale": [0.68, 0.68, 0.68]
		},
		"firstperson_lefthand": {
			"rotation": [-45, -90, 0],
			"translation": [-1.25, 4, 1.75],
			"scale": [0.68, 0.68, 0.68]
		},
		"head": {
			"rotation": [-45, 90, 0],
			"translation": [9.5, -2.25, -0.25]
		}
	}
}