{
	"credit": "Made with Blockbench",
	"texture_size": [32, 32],
	"textures": {
		"0": "item/overworld/weapons/golem_gauntlet",
		"particle": "item/overworld/weapons/golem_gauntlet"
	},
	"elements": [
		{
			"from": [5, 0, 5],
			"to": [10, 3, 10],
			"rotation": {"angle": 0, "axis": "y", "origin": [4, 0, 5]},
			"faces": {
				"north": {"uv": [2.5, 7, 5, 8.5], "texture": "#0"},
				"east": {"uv": [0, 7, 2.5, 8.5], "texture": "#0"},
				"south": {"uv": [7.5, 7, 10, 8.5], "texture": "#0"},
				"west": {"uv": [5, 7, 7.5, 8.5], "texture": "#0"},
				"up": {"uv": [5, 7, 2.5, 4.5], "texture": "#0"},
				"down": {"uv": [7.5, 4.5, 5, 7], "texture": "#0"}
			}
		},
		{
			"from": [5, 4, 5],
			"to": [10, 7, 10],
			"rotation": {"angle": 0, "axis": "y", "origin": [4, 4, 5]},
			"faces": {
				"north": {"uv": [2.5, 2.5, 5, 4], "texture": "#0"},
				"east": {"uv": [0, 2.5, 2.5, 4], "texture": "#0"},
				"south": {"uv": [7.5, 2.5, 10, 4], "texture": "#0"},
				"west": {"uv": [5, 2.5, 7.5, 4], "texture": "#0"},
				"up": {"uv": [5, 2.5, 2.5, 0], "texture": "#0"},
				"down": {"uv": [7.5, 0, 5, 2.5], "texture": "#0"}
			}
		},
		{
			"from": [5.25, 3, 5.25],
			"to": [9.75, 4, 9.75],
			"rotation": {"angle": 0, "axis": "y", "origin": [4, 3, 5]},
			"faces": {
				"north": {"uv": [2, 11, 4, 11.5], "texture": "#0"},
				"east": {"uv": [0, 11, 2, 11.5], "texture": "#0"},
				"south": {"uv": [6, 11, 8, 11.5], "texture": "#0"},
				"west": {"uv": [4, 11, 6, 11.5], "texture": "#0"},
				"up": {"uv": [4, 11, 2, 9], "texture": "#0"},
				"down": {"uv": [6, 9, 4, 11], "texture": "#0"}
			}
		}
	],
	"gui_light": "front",
	"display": {
		"thirdperson_righthand": {
			"rotation": [90, 0, 0],
			"translation": [0.5, -2.75, 7.5],
			"scale": [1.1, 1.1, 1.1]
		},
		"thirdperson_lefthand": {
			"translation": [-0.5, 2.5, 0]
		},
		"firstperson_righthand": {
			"rotation": [76.26, 58.56, 46.91],
			"translation": [-3.5, 2.5, 5.5],
			"scale": [0.5, 0.5, 0.5]
		},
		"firstperson_lefthand": {
			"translation": [0, 5, 0]
		},
		"ground": {
			"translation": [0, 2, 0],
			"scale": [0.5, 0.5, 0.5]
		},
		"gui": {
			"rotation": [180, -45, -145],
			"translation": [1.75, 5.75, 0],
			"scale": [1.5, 1.5, 1.5]
		}
	}
}