{
	"credit": "Made with Blockbench",
	"texture_size": [64, 64],
	"textures": {
		"0": "item/deco/3d_book_1",
		"particle": "item/deco/3d_book_1"
	},
	"elements": [
		{
			"from": [4, 0, 2],
			"to": [12, 1, 13],
			"rotation": {"angle": 0, "axis": "y", "origin": [10, 0, 8]},
			"faces": {
				"north": {"uv": [5.5, 3.25, 7.5, 3.5], "texture": "#0"},
				"east": {"uv": [4, 4.5, 6.75, 4.75], "texture": "#0"},
				"south": {"uv": [5.5, 3.5, 7.5, 3.75], "texture": "#0"},
				"west": {"uv": [4, 4.75, 6.75, 5], "texture": "#0"},
				"up": {"uv": [2, 2.75, 0, 0], "texture": "#0"},
				"down": {"uv": [4, 0, 2, 2.75], "texture": "#0"}
			}
		},
		{
			"from": [4, 2, 2],
			"to": [12, 3, 13],
			"rotation": {"angle": 0, "axis": "y", "origin": [10, 1, 8]},
			"faces": {
				"north": {"uv": [5.5, 3.75, 7.5, 4], "texture": "#0"},
				"east": {"uv": [4, 5, 6.75, 5.25], "texture": "#0"},
				"south": {"uv": [5.5, 4, 7.5, 4.25], "texture": "#0"},
				"west": {"uv": [4, 5.25, 6.75, 5.5], "texture": "#0"},
				"up": {"uv": [2, 5.5, 0, 2.75], "texture": "#0"},
				"down": {"uv": [4, 2.75, 2, 5.5], "texture": "#0"}
			}
		},
		{
			"from": [11, 1, 2],
			"to": [12, 2, 13],
			"rotation": {"angle": 0, "axis": "y", "origin": [10, 0, 8]},
			"faces": {
				"north": {"uv": [0, 5.75, 0.25, 6], "texture": "#0"},
				"east": {"uv": [0, 5.5, 2.75, 5.75], "texture": "#0"},
				"south": {"uv": [0.25, 5.75, 0.5, 6], "texture": "#0"},
				"west": {"uv": [5.5, 0, 8.25, 0.25], "texture": "#0"},
				"up": {"uv": [5.75, 3, 5.5, 0.25], "texture": "#0"},
				"down": {"uv": [3, 5.5, 2.75, 8.25], "texture": "#0"}
			}
		},
		{
			"from": [5, 1, 3],
			"to": [11, 2, 12],
			"rotation": {"angle": 0, "axis": "y", "origin": [9, 0, 8]},
			"faces": {
				"north": {"uv": [5.5, 4.25, 7, 4.5], "texture": "#0"},
				"east": {"uv": [3, 5.5, 5.25, 5.75], "texture": "#0"},
				"south": {"uv": [5.25, 5.5, 6.75, 5.75], "texture": "#0"},
				"west": {"uv": [5.5, 3, 7.75, 3.25], "texture": "#0"},
				"up": {"uv": [5.5, 2.25, 4, 0], "texture": "#0"},
				"down": {"uv": [5.5, 2.25, 4, 4.5], "texture": "#0"}
			}
		}
	],
	"display": {
		"fixed": {
			"rotation": [-90, 0, 0],
			"translation": [0, 1, -15.25],
			"scale": [2, 2, 2]
		}
	}
}