{
	"credit": "Made with Blockbench",
	"texture_size": [64, 64],
	"textures": {
		"0": "item/deco/3d_ink_and_quill",
		"particle": "item/deco/3d_ink_and_quill"
	},
	"elements": [
		{
			"from": [5, 0, 5],
			"to": [11, 1, 11],
			"rotation": {"angle": 0, "axis": "y", "origin": [8, 0, 5]},
			"faces": {
				"north": {"uv": [1.5, 4, 3, 4.25], "texture": "#0"},
				"east": {"uv": [0, 4, 1.5, 4.25], "texture": "#0"},
				"south": {"uv": [4.5, 4, 6, 4.25], "texture": "#0"},
				"west": {"uv": [3, 4, 4.5, 4.25], "texture": "#0"},
				"up": {"uv": [3, 4, 1.5, 2.5], "texture": "#0"},
				"down": {"uv": [4.5, 2.5, 3, 4], "texture": "#0"}
			}
		},
		{
			"from": [5, 1, 5],
			"to": [11, 5, 11],
			"rotation": {"angle": 0, "axis": "y", "origin": [8, 4, 5]},
			"faces": {
				"north": {"uv": [1.5, 1.5, 3, 2.5], "texture": "#0"},
				"east": {"uv": [0, 1.5, 1.5, 2.5], "texture": "#0"},
				"south": {"uv": [4.5, 1.5, 6, 2.5], "texture": "#0"},
				"west": {"uv": [3, 1.5, 4.5, 2.5], "texture": "#0"},
				"up": {"uv": [3, 1.5, 1.5, 0], "texture": "#0"},
				"down": {"uv": [4.5, 0, 3, 1.5], "texture": "#0"}
			}
		},
		{
			"from": [4, 1, 5],
			"to": [5, 6, 11],
			"rotation": {"angle": 0, "axis": "y", "origin": [2, 0, 5]},
			"faces": {
				"north": {"uv": [1.5, 5.75, 1.75, 7], "texture": "#0"},
				"east": {"uv": [0, 5.75, 1.5, 7], "texture": "#0"},
				"south": {"uv": [3.25, 5.75, 3.5, 7], "texture": "#0"},
				"west": {"uv": [1.75, 5.75, 3.25, 7], "texture": "#0"},
				"up": {"uv": [1.75, 5.75, 1.5, 4.25], "texture": "#0"},
				"down": {"uv": [2, 4.25, 1.75, 5.75], "texture": "#0"}
			}
		},
		{
			"from": [11, 1, 5],
			"to": [12, 6, 11],
			"rotation": {"angle": 0, "axis": "y", "origin": [9, 0, 5]},
			"faces": {
				"north": {"uv": [5, 5.75, 5.25, 7], "texture": "#0"},
				"east": {"uv": [3.5, 5.75, 5, 7], "texture": "#0"},
				"south": {"uv": [6.75, 5.75, 7, 7], "texture": "#0"},
				"west": {"uv": [5.25, 5.75, 6.75, 7], "texture": "#0"},
				"up": {"uv": [5.25, 5.75, 5, 4.25], "texture": "#0"},
				"down": {"uv": [5.5, 4.25, 5.25, 5.75], "texture": "#0"}
			}
		},
		{
			"from": [5, 1, 11],
			"to": [11, 6, 12],
			"rotation": {"angle": 0, "axis": "y", "origin": [11, 0, 9]},
			"faces": {
				"north": {"uv": [0.25, 7.25, 1.75, 8.5], "texture": "#0"},
				"east": {"uv": [0, 7.25, 0.25, 8.5], "texture": "#0"},
				"south": {"uv": [2, 7.25, 3.5, 8.5], "texture": "#0"},
				"west": {"uv": [1.75, 7.25, 2, 8.5], "texture": "#0"},
				"up": {"uv": [1.75, 7.25, 0.25, 7], "texture": "#0"},
				"down": {"uv": [3.25, 7, 1.75, 7.25], "texture": "#0"}
			}
		},
		{
			"from": [6, 6, 10],
			"to": [10, 7, 11],
			"rotation": {"angle": 0, "axis": "y", "origin": [11, 4, 8]},
			"faces": {
				"north": {"uv": [8.25, 8.25, 9.25, 8.5], "texture": "#0"},
				"east": {"uv": [8, 8.25, 8.25, 8.5], "texture": "#0"},
				"south": {"uv": [9.5, 8.25, 10.5, 8.5], "texture": "#0"},
				"west": {"uv": [9.25, 8.25, 9.5, 8.5], "texture": "#0"},
				"up": {"uv": [9.25, 8.25, 8.25, 8], "texture": "#0"},
				"down": {"uv": [10.25, 8, 9.25, 8.25], "texture": "#0"}
			}
		},
		{
			"from": [6, 6, 5],
			"to": [10, 7, 6],
			"rotation": {"angle": 0, "axis": "y", "origin": [11, 4, 3]},
			"faces": {
				"north": {"uv": [0.25, 8.75, 1.25, 9], "texture": "#0"},
				"east": {"uv": [0, 8.75, 0.25, 9], "texture": "#0"},
				"south": {"uv": [1.5, 8.75, 2.5, 9], "texture": "#0"},
				"west": {"uv": [1.25, 8.75, 1.5, 9], "texture": "#0"},
				"up": {"uv": [1.25, 8.75, 0.25, 8.5], "texture": "#0"},
				"down": {"uv": [2.25, 8.5, 1.25, 8.75], "texture": "#0"}
			}
		},
		{
			"from": [5, 6, 5],
			"to": [6, 7, 11],
			"rotation": {"angle": 0, "axis": "y", "origin": [8, 4, 11]},
			"faces": {
				"north": {"uv": [7.5, 1.5, 7.75, 1.75], "texture": "#0"},
				"east": {"uv": [6, 1.5, 7.5, 1.75], "texture": "#0"},
				"south": {"uv": [9.25, 1.5, 9.5, 1.75], "texture": "#0"},
				"west": {"uv": [7.75, 1.5, 9.25, 1.75], "texture": "#0"},
				"up": {"uv": [7.75, 1.5, 7.5, 0], "texture": "#0"},
				"down": {"uv": [8, 0, 7.75, 1.5], "texture": "#0"}
			}
		},
		{
			"from": [10, 6, 5],
			"to": [11, 7, 11],
			"rotation": {"angle": 0, "axis": "y", "origin": [13, 4, 11]},
			"faces": {
				"north": {"uv": [7.5, 3.25, 7.75, 3.5], "texture": "#0"},
				"east": {"uv": [6, 3.25, 7.5, 3.5], "texture": "#0"},
				"south": {"uv": [9.25, 3.25, 9.5, 3.5], "texture": "#0"},
				"west": {"uv": [7.75, 3.25, 9.25, 3.5], "texture": "#0"},
				"up": {"uv": [7.75, 3.25, 7.5, 1.75], "texture": "#0"},
				"down": {"uv": [8, 1.75, 7.75, 3.25], "texture": "#0"}
			}
		},
		{
			"from": [5, 1, 4],
			"to": [11, 6, 5],
			"rotation": {"angle": 0, "axis": "y", "origin": [11, 0, 2]},
			"faces": {
				"north": {"uv": [3.75, 7.25, 5.25, 8.5], "texture": "#0"},
				"east": {"uv": [3.5, 7.25, 3.75, 8.5], "texture": "#0"},
				"south": {"uv": [5.5, 7.25, 7, 8.5], "texture": "#0"},
				"west": {"uv": [5.25, 7.25, 5.5, 8.5], "texture": "#0"},
				"up": {"uv": [5.25, 7.25, 3.75, 7], "texture": "#0"},
				"down": {"uv": [6.75, 7, 5.25, 7.25], "texture": "#0"}
			}
		},
		{
			"from": [8, 14, 8],
			"to": [9, 18, 9],
			"rotation": {"angle": 22.5, "axis": "x", "origin": [7, 4, 8]},
			"faces": {
				"north": {"uv": [2.75, 8.75, 3, 9.75], "texture": "#0"},
				"east": {"uv": [2.5, 8.75, 2.75, 9.75], "texture": "#0"},
				"south": {"uv": [3.25, 8.75, 3.5, 9.75], "texture": "#0"},
				"west": {"uv": [3, 8.75, 3.25, 9.75], "texture": "#0"},
				"up": {"uv": [3, 8.75, 2.75, 8.5], "texture": "#0"},
				"down": {"uv": [3.25, 8.5, 3, 8.75], "texture": "#0"}
			}
		},
		{
			"from": [8, 4, 8],
			"to": [9, 14, 9],
			"rotation": {"angle": 22.5, "axis": "x", "origin": [8, 4, 8]},
			"faces": {
				"north": {"uv": [7.25, 7, 7.5, 9.5], "texture": "#0"},
				"east": {"uv": [7, 7, 7.25, 9.5], "texture": "#0"},
				"south": {"uv": [7.75, 7, 8, 9.5], "texture": "#0"},
				"west": {"uv": [7.5, 7, 7.75, 9.5], "texture": "#0"},
				"up": {"uv": [7.5, 7, 7.25, 6.75], "texture": "#0"},
				"down": {"uv": [7.75, 6.75, 7.5, 7], "texture": "#0"}
			}
		},
		{
			"from": [7, 8, 8],
			"to": [8, 16, 9],
			"rotation": {"angle": 22.5, "axis": "x", "origin": [7, 4, 8]},
			"faces": {
				"north": {"uv": [8.25, 3.75, 8.5, 5.75], "texture": "#0"},
				"east": {"uv": [8, 3.75, 8.25, 5.75], "texture": "#0"},
				"south": {"uv": [8.75, 3.75, 9, 5.75], "texture": "#0"},
				"west": {"uv": [8.5, 3.75, 8.75, 5.75], "texture": "#0"},
				"up": {"uv": [8.5, 3.75, 8.25, 3.5], "texture": "#0"},
				"down": {"uv": [8.75, 3.5, 8.5, 3.75], "texture": "#0"}
			}
		},
		{
			"from": [9, 8, 8],
			"to": [10, 16, 9],
			"rotation": {"angle": 22.5, "axis": "x", "origin": [9, 4, 8]},
			"faces": {
				"north": {"uv": [8.25, 6, 8.5, 8], "texture": "#0"},
				"east": {"uv": [8, 6, 8.25, 8], "texture": "#0"},
				"south": {"uv": [8.75, 6, 9, 8], "texture": "#0"},
				"west": {"uv": [8.5, 6, 8.75, 8], "texture": "#0"},
				"up": {"uv": [8.5, 6, 8.25, 5.75], "texture": "#0"},
				"down": {"uv": [8.75, 5.75, 8.5, 6], "texture": "#0"}
			}
		}
	],
	"display": {
		"fixed": {
			"rotation": [90, 0, 180],
			"translation": [0, 0, -11.5],
			"scale": [1.5, 1.5, 1.5]
		}
	}
}