{
	"credit": "Made with Blockbench",
	"texture_size": [64, 64],
	"textures": {
		"0": "item/deco/3d_orb",
		"particle": "item/deco/3d_orb"
	},
	"elements": [
		{
			"from": [4, 3, 4],
			"to": [12, 11, 12],
			"rotation": {"angle": 0, "axis": "y", "origin": [7, 4, 7]},
			"faces": {
				"north": {"uv": [2, 2, 4, 4], "texture": "#0"},
				"east": {"uv": [0, 2, 2, 4], "texture": "#0"},
				"south": {"uv": [6, 2, 8, 4], "texture": "#0"},
				"west": {"uv": [4, 2, 6, 4], "texture": "#0"},
				"up": {"uv": [4, 2, 2, 0], "texture": "#0"},
				"down": {"uv": [6, 0, 4, 2], "texture": "#0"}
			}
		},
		{
			"from": [3, 4, 5],
			"to": [4, 10, 11],
			"rotation": {"angle": 0, "axis": "y", "origin": [-1, 4, 8]},
			"faces": {
				"north": {"uv": [7.75, 9, 8, 10.5], "texture": "#0"},
				"east": {"uv": [6.25, 9, 7.75, 10.5], "texture": "#0"},
				"south": {"uv": [9.5, 9, 9.75, 10.5], "texture": "#0"},
				"west": {"uv": [8, 9, 9.5, 10.5], "texture": "#0"},
				"up": {"uv": [8, 9, 7.75, 7.5], "texture": "#0"},
				"down": {"uv": [8.25, 7.5, 8, 9], "texture": "#0"}
			}
		},
		{
			"from": [12, 4, 5],
			"to": [13, 10, 11],
			"rotation": {"angle": 0, "axis": "y", "origin": [8, 4, 8]},
			"faces": {
				"north": {"uv": [7.75, 5.75, 8, 7.25], "texture": "#0"},
				"east": {"uv": [6.25, 5.75, 7.75, 7.25], "texture": "#0"},
				"south": {"uv": [9.5, 5.75, 9.75, 7.25], "texture": "#0"},
				"west": {"uv": [8, 5.75, 9.5, 7.25], "texture": "#0"},
				"up": {"uv": [8, 5.75, 7.75, 4.25], "texture": "#0"},
				"down": {"uv": [8.25, 4.25, 8, 5.75], "texture": "#0"}
			}
		},
		{
			"from": [5, 11, 5],
			"to": [11, 12, 11],
			"rotation": {"angle": 0, "axis": "y", "origin": [7, 12, 7]},
			"faces": {
				"north": {"uv": [1.5, 5.75, 3, 6], "texture": "#0"},
				"east": {"uv": [0, 5.75, 1.5, 6], "texture": "#0"},
				"south": {"uv": [4.5, 5.75, 6, 6], "texture": "#0"},
				"west": {"uv": [3, 5.75, 4.5, 6], "texture": "#0"},
				"up": {"uv": [3, 5.75, 1.5, 4.25], "texture": "#0"},
				"down": {"uv": [4.5, 4.25, 3, 5.75], "texture": "#0"}
			}
		},
		{
			"from": [5, 2, 5],
			"to": [11, 3, 11],
			"rotation": {"angle": 0, "axis": "y", "origin": [7, 3, 7]},
			"faces": {
				"north": {"uv": [1.5, 7.75, 3, 8], "texture": "#0"},
				"east": {"uv": [0, 7.75, 1.5, 8], "texture": "#0"},
				"south": {"uv": [4.5, 7.75, 6, 8], "texture": "#0"},
				"west": {"uv": [3, 7.75, 4.5, 8], "texture": "#0"},
				"up": {"uv": [3, 7.75, 1.5, 6.25], "texture": "#0"},
				"down": {"uv": [4.5, 6.25, 3, 7.75], "texture": "#0"}
			}
		},
		{
			"from": [5, 4, 3],
			"to": [11, 10, 4],
			"rotation": {"angle": 0, "axis": "y", "origin": [7, 4, -1]},
			"faces": {
				"north": {"uv": [8.5, 0.25, 10, 1.75], "texture": "#0"},
				"east": {"uv": [8.25, 0.25, 8.5, 1.75], "texture": "#0"},
				"south": {"uv": [10.25, 0.25, 11.75, 1.75], "texture": "#0"},
				"west": {"uv": [10, 0.25, 10.25, 1.75], "texture": "#0"},
				"up": {"uv": [10, 0.25, 8.5, 0], "texture": "#0"},
				"down": {"uv": [11.5, 0, 10, 0.25], "texture": "#0"}
			}
		},
		{
			"from": [5, 4, 12],
			"to": [11, 10, 13],
			"rotation": {"angle": 0, "axis": "y", "origin": [7, 4, 8]},
			"faces": {
				"north": {"uv": [0.25, 8.5, 1.75, 10], "texture": "#0"},
				"east": {"uv": [0, 8.5, 0.25, 10], "texture": "#0"},
				"south": {"uv": [2, 8.5, 3.5, 10], "texture": "#0"},
				"west": {"uv": [1.75, 8.5, 2, 10], "texture": "#0"},
				"up": {"uv": [1.75, 8.5, 0.25, 8.25], "texture": "#0"},
				"down": {"uv": [3.25, 8.25, 1.75, 8.5], "texture": "#0"}
			}
		}
	],
	"display": {
		"thirdperson_righthand": {
			"rotation": [75, 45, 0],
			"translation": [0, 2.5, 0],
			"scale": [0.5, 0.5, 0.5]
		},
		"thirdperson_lefthand": {
			"rotation": [75, 45, 0],
			"translation": [0, 2.5, 0],
			"scale": [0.5, 0.5, 0.5]
		},
		"firstperson_righthand": {
			"rotation": [0, -90, 0],
			"translation": [1.13, 3.2, 1.13],
			"scale": [0.68, 0.68, 0.68]
		},
		"firstperson_lefthand": {
			"rotation": [0, -90, 0],
			"translation": [1.13, 3.2, 1.13],
			"scale": [0.68, 0.68, 0.68]
		},
		"ground": {
			"translation": [0, 1.75, 0.5]
		},
		"gui": {
			"rotation": [30, 225, 0],
			"translation": [0, 0.75, 0]
		},
		"head": {
			"translation": [0, 2.5, 0],
			"scale": [2, 2, 2]
		},
		"fixed": {
			"translation": [0, 1, 0]
		}
	}
}