{
	"credit": "Made with Blockbench",
	"texture_size": [64, 64],
	"textures": {
		"1": "item/runes/weapons/runic_gauntlet_3"
	},
	"elements": [
		{
			"from": [5, 0, 5],
			"to": [10, 3, 10],
			"rotation": {"angle": 0, "axis": "y", "origin": [4, 0, 5]},
			"faces": {
				"north": {"uv": [1.25, 1.25, 2.5, 2], "texture": "#1"},
				"east": {"uv": [0, 1.25, 1.25, 2], "texture": "#1"},
				"south": {"uv": [3.75, 1.25, 5, 2], "texture": "#1"},
				"west": {"uv": [2.5, 1.25, 3.75, 2], "texture": "#1"},
				"up": {"uv": [2.5, 1.25, 1.25, 0], "texture": "#1"},
				"down": {"uv": [3.75, 0, 2.5, 1.25], "texture": "#1"}
			}
		},
		{
			"from": [5, 6, 5],
			"to": [10, 8, 10],
			"rotation": {"angle": 0, "axis": "y", "origin": [4, 6, 5]},
			"faces": {
				"north": {"uv": [1.25, 3.5, 2.5, 4], "texture": "#1"},
				"east": {"uv": [0, 3.5, 1.25, 4], "texture": "#1"},
				"south": {"uv": [3.75, 3.5, 5, 4], "texture": "#1"},
				"west": {"uv": [2.5, 3.5, 3.75, 4], "texture": "#1"},
				"up": {"uv": [2.5, 3.5, 1.25, 2.25], "texture": "#1"},
				"down": {"uv": [3.75, 2.25, 2.5, 3.5], "texture": "#1"}
			}
		},
		{
			"from": [9, 4, 5],
			"to": [10, 5, 10],
			"rotation": {"angle": 0, "axis": "y", "origin": [4, 4, 5]},
			"faces": {
				"north": {"uv": [6.5, 1.25, 6.75, 1.5], "texture": "#1"},
				"east": {"uv": [5.25, 1.25, 6.5, 1.5], "texture": "#1"},
				"south": {"uv": [8, 1.25, 8.25, 1.5], "texture": "#1"},
				"west": {"uv": [6.75, 1.25, 8, 1.5], "texture": "#1"},
				"up": {"uv": [6.75, 1.25, 6.5, 0], "texture": "#1"},
				"down": {"uv": [7, 0, 6.75, 1.25], "texture": "#1"}
			}
		},
		{
			"from": [8, 3, 5],
			"to": [9, 6, 10],
			"rotation": {"angle": 0, "axis": "y", "origin": [3, 4, 5]},
			"faces": {
				"north": {"uv": [5.5, 5.5, 5.75, 6.25], "texture": "#1"},
				"east": {"uv": [4.25, 5.5, 5.5, 6.25], "texture": "#1"},
				"south": {"uv": [7, 5.5, 7.25, 6.25], "texture": "#1"},
				"west": {"uv": [5.75, 5.5, 7, 6.25], "texture": "#1"},
				"up": {"uv": [5.75, 5.5, 5.5, 4.25], "texture": "#1"},
				"down": {"uv": [6, 4.25, 5.75, 5.5], "texture": "#1"}
			}
		},
		{
			"from": [8, 3, 5],
			"to": [9, 6, 10],
			"rotation": {"angle": 0, "axis": "y", "origin": [3, 4, 5]},
			"faces": {
				"north": {"uv": [5.5, 5.5, 5.75, 6.25], "texture": "#1"},
				"east": {"uv": [4.25, 5.5, 5.5, 6.25], "texture": "#1"},
				"south": {"uv": [7, 5.5, 7.25, 6.25], "texture": "#1"},
				"west": {"uv": [5.75, 5.5, 7, 6.25], "texture": "#1"},
				"up": {"uv": [5.75, 5.5, 5.5, 4.25], "texture": "#1"},
				"down": {"uv": [6, 4.25, 5.75, 5.5], "texture": "#1"}
			}
		},
		{
			"from": [5.25, 3, 5.25],
			"to": [9.75, 6, 9.75],
			"rotation": {"angle": 0, "axis": "y", "origin": [4, 3, 5]},
			"faces": {
				"north": {"uv": [1, 5.25, 2, 6], "texture": "#1"},
				"east": {"uv": [0, 5.25, 1, 6], "texture": "#1"},
				"south": {"uv": [3, 5.25, 4, 6], "texture": "#1"},
				"west": {"uv": [2, 5.25, 3, 6], "texture": "#1"},
				"up": {"uv": [2, 5.25, 1, 4.25], "texture": "#1"},
				"down": {"uv": [3, 4.25, 2, 5.25], "texture": "#1"}
			}
		}
	],
	"gui_light": "front",
	"display": {
		"thirdperson_righthand": {
			"rotation": [90, 0, 0],
			"translation": [0.5, -2.75, 7.5],
			"scale": [1.1, 1.1, 1.1]
		},
		"thirdperson_lefthand": {
			"translation": [-0.5, 2.5, 0]
		},
		"firstperson_righthand": {
			"rotation": [76.26, 58.56, 46.91],
			"translation": [-3.5, 2.5, 5.5],
			"scale": [0.5, 0.5, 0.5]
		},
		"firstperson_lefthand": {
			"translation": [0, 5, 0]
		},
		"ground": {
			"translation": [0, 2, 0],
			"scale": [0.5, 0.5, 0.5]
		},
		"gui": {
			"rotation": [180, -45, -145],
			"translation": [1.75, 5.75, 0],
			"scale": [1.5, 1.5, 1.5]
		}
	}
}