{
	"credit": "Made with Blockbench",
	"parent": "minecraft:item/generated",
	"textures": {
		"layer0": "item/overworld/utility/rusty_anchor"
	},
	"display": {
		"thirdperson_righthand": {
			"rotation": [129, -90, 0],
			"translation": [0, 4, 0.5]
		},
		"thirdperson_lefthand": {
			"rotation": [120, 90, 0],
			"translation": [0, 4, 0.5]
		},
		"firstperson_righthand": {
			"rotation": [0, -90, 25],
			"translation": [1.13, 3.2, 1.13],
			"scale": [0.9, 0.9, 0.9]
		},
		"firstperson_lefthand": {
			"rotation": [0, 90, -25],
			"translation": [1.13, 3.2, 1.13],
			"scale": [0.68, 0.68, 0.68]
		},
		"ground": {
			"translation": [0, 2, 0],
			"scale": [0.6, 0.6, 0.6]
		},
		"head": {
			"rotation": [0, 0, -130],
			"translation": [0, 11.75, 0]
		}
	}
}