{
	"credit": "Made with Blockbench",
	"textures": {
		"0": "item/overworld/utility/zombie_knight",
		"particle": "item/overworld/utility/zombie_knight"
	},
	"elements": [
		{
			"name": "Left Arm",
			"from": [6, 0, 6],
			"to": [10, 12, 10],
			"faces": {
				"north": {"uv": [9, 13, 9.75, 16], "texture": "#0"},
				"east": {"uv": [8, 13, 9, 16], "texture": "#0"},
				"south": {"uv": [10.75, 13, 11.5, 16], "texture": "#0"},
				"west": {"uv": [9.75, 13, 10.75, 16], "texture": "#0"},
				"up": {"uv": [9.75, 13, 9, 12], "texture": "#0"},
				"down": {"uv": [10.5, 12, 9.75, 13], "texture": "#0"}
			}
		},
		{
			"name": "Left Arm Layer",
			"from": [5.75, -0.25, 5.75],
			"to": [10.25, 12.25, 10.25],
			"faces": {
				"north": {"uv": [13, 13, 13.75, 16], "texture": "#0"},
				"east": {"uv": [12, 13, 13, 16], "texture": "#0"},
				"south": {"uv": [14.75, 13, 15.5, 16], "texture": "#0"},
				"west": {"uv": [13.75, 13, 14.75, 16], "texture": "#0"},
				"up": {"uv": [13.75, 13, 13, 12], "texture": "#0"},
				"down": {"uv": [14.5, 12, 13.75, 13], "texture": "#0"}
			}
		}
	],
	"display": {
		"thirdperson_righthand": {
			"scale": [0.85, 0.85, 0.85]
		},
		"thirdperson_lefthand": {
			"rotation": [90, 0, 0],
			"translation": [0, -2, 8],
			"scale": [1.126, 1.126, 1.126]
		},
		"firstperson_lefthand": {
			"rotation": [76.26, 58.56, 46.91],
			"translation": [-3.5, 2.5, 4.25],
			"scale": [0.5, 0.5, 0.5]
		},
		"ground": {
			"translation": [0, 5.75, 0]
		},
		"gui": {
			"rotation": [-62.15, -38.37, -40.62],
			"translation": [0.75, 1, 0]
		}
	},
	"groups": [
		{
			"name": "Left Arm",
			"origin": [-5, 22, 0],
			"rotation": [-12, 0, 0],
			"color": 0,
			"children": [0, 1]
		}
	]
}