{
	"credit": "Made with Blockbench",
	"textures": {
		"0": "item/overworld/utility/infernus_pauldron",
		"particle": "item/overworld/utility/infernus_pauldron"
	},
	"elements": [
		{
			"name": "Left Arm Layer",
			"from": [5.75, -0.25, 5.75],
			"to": [10.25, 12.25, 10.25],
			"faces": {
				"north": {"uv": [4, 4, 8, 16], "texture": "#0"},
				"east": {"uv": [0, 4, 4, 16], "texture": "#0"},
				"south": {"uv": [12, 4, 16, 16], "texture": "#0"},
				"west": {"uv": [8, 4, 12, 16], "texture": "#0"},
				"up": {"uv": [8, 4, 4, 0], "texture": "#0"},
				"down": {"uv": [12, 0, 8, 4], "texture": "#0"}
			}
		}
	],
	"gui_light": "front",
	"display": {
		"thirdperson_righthand": {
			"scale": [0.85, 0.85, 0.85]
		},
		"thirdperson_lefthand": {
			"rotation": [90, 0, 0],
			"translation": [0, -2, 8],
			"scale": [1.126, 1.126, 1.126]
		},
		"firstperson_lefthand": {
			"rotation": [76.26, 58.56, 46.91],
			"translation": [-3.5, 2.5, 4.25],
			"scale": [0.5, 0.5, 0.5]
		},
		"ground": {
			"translation": [0, 5.75, 0]
		},
		"gui": {
			"rotation": [-62.15, -38.37, -40.62],
			"translation": [0.75, 1, 0]
		}
	},
	"groups": [
		{
			"name": "Left Arm",
			"origin": [-5, 22, 0],
			"rotation": [-12, 0, 0],
			"color": 0,
			"children": [0]
		}
	]
}