{
	"credit": "Made with Blockbench",
	"parent": "minecraft:item/handheld",
	"textures": {
		"layer0": "minecraft:item/misc/weapons/massive_godbreaker"
	},
	"display": {
		"thirdperson_righthand": {
			"rotation": [-50, -90, -5],
			"translation": [0.2, 16, 0.5],
			"scale": [2.5, 2.5, 2.5]
		},
		"thirdperson_lefthand": {
			"rotation": [74, 0, 85],
			"translation": [-9.5, -7.75, 7],
			"scale": [2.5, 2.5, 2.5]
		},
		"firstperson_righthand": {
			"rotation": [-50, -90, 0],
			"translation": [0, 10, 0],
			"scale": [1.5, 1.5, 1.5]
		},
		"firstperson_lefthand": {
			"scale": [0, 0, 0]
		},
		"ground": {
			"translation": [0, 8.75, 0],
			"scale": [2.5, 2.5, 2.5]
		}
	}
}